Type,Layer,Class1,Class2,Pearson_Correlation,Spearman_Correlation,Cosine_Similarity,Jaccard_Similarity,Dice_Coefficient
res,0,empathetic_dialogue,math,0.6167377261037598,0.4888566141035198,0.6198039115593823,0.12489054423837033,0.22204923826243017
res,0,empathetic_dialogue,mmlu,0.8101697903637963,0.632394562313435,0.8113777249697062,0.2700212780023653,0.4252232347273514
res,0,empathetic_dialogue,programming,0.41598035436492287,0.6237118046534462,0.42149822332226256,0.040137948520174146,0.07717812541553597
res,0,math,mmlu,0.7486092296560655,0.6252914674631851,0.7518861806064915,0.2774507784825768,0.4343819474784734
res,0,math,programming,0.5875241452151616,0.7225306815072841,0.5937597713753048,0.12542316186049035,0.2228906710132878
res,0,mmlu,programming,0.641783025529032,0.7828125701426011,0.6470748778795149,0.0937804233716219,0.1714794329240964
res,1,empathetic_dialogue,math,0.9764622320716784,0.48198733311033587,0.9764801859898902,0.15315224056907004,0.2656236274466081
res,1,empathetic_dialogue,mmlu,0.9877304759698861,0.6188627682722894,0.9877393837501237,0.29791155252272744,0.4590629491565617
res,1,empathetic_dialogue,programming,0.9814666043506993,0.6186782014947425,0.9814798389369871,0.041229385624096546,0.07919366509116395
res,1,math,mmlu,0.9880259479503833,0.6187614509673567,0.9880352987384537,0.3368888639831714,0.5039893338320337
res,1,math,programming,0.9885094359254808,0.7031277426571376,0.9885171281921273,0.1307083933251072,0.23119735220277124
res,1,mmlu,programming,0.9918738759448565,0.7736007736002721,0.9918779861107133,0.0926611636463308,0.1696064008298973
res,2,empathetic_dialogue,math,0.5939809229485209,0.4693840880063144,0.5967157554405371,0.11517052266388962,0.2065523080519979
res,2,empathetic_dialogue,mmlu,0.8462050759729467,0.6077972155501548,0.8470485552486093,0.24696451174347195,0.3961051167337118
res,2,empathetic_dialogue,programming,0.7313313158841325,0.5871109381016042,0.7328809314845163,0.03955069281245746,0.07609189832860358
res,2,math,mmlu,0.7543397060224065,0.6356862051824769,0.756395554393202,0.27478687751931186,0.431110301439621
res,2,math,programming,0.7478190797450445,0.7042673115975832,0.7499526171325979,0.11722486183991257,0.20985007735481231
res,2,mmlu,programming,0.87534731622236,0.7528496580907346,0.8762506467291877,0.08771982849452481,0.16129121892709222
res,3,empathetic_dialogue,math,0.5213468760072241,0.4149126006139685,0.5241048576246131,0.1116898608947268,0.20093708654468595
res,3,empathetic_dialogue,mmlu,0.8913519609895726,0.5872395988412693,0.8917602380666789,0.24863504398191613,0.39825094639185393
res,3,empathetic_dialogue,programming,0.7530653252626193,0.5417753866502294,0.7541762652729007,0.03917616115117137,0.07539849857173989
res,3,math,mmlu,0.6718139025969622,0.5957911955780667,0.674482947076505,0.25020205868066264,0.4002585933104297
res,3,math,programming,0.7343756175978251,0.6891871424482474,0.7370189031108656,0.11408740638067094,0.20480871739014808
res,3,mmlu,programming,0.8861901588856255,0.7240505055040125,0.8869836569507611,0.08832379342729314,0.16231160976302542
res,4,empathetic_dialogue,math,0.6946535184721145,0.4364708386245887,0.6954760923559423,0.1227604059188405,0.21867605104648538
res,4,empathetic_dialogue,mmlu,0.8853547351304785,0.6192817792778622,0.8856491650727067,0.26973524767745016,0.4248684884047116
res,4,empathetic_dialogue,programming,0.7534767687961526,0.5865176147459064,0.7539604908359756,0.04034463304107291,0.0775601310560711
res,4,math,mmlu,0.9079750804945353,0.6275085962086618,0.9082069101498262,0.2874289984018154,0.4465162719786849
res,4,math,programming,0.9635232244008018,0.7025651445201428,0.9635511874485038,0.12345967685364884,0.21978479405582035
res,4,mmlu,programming,0.9485287470468016,0.7594923322046061,0.9486002452712325,0.0902201395640293,0.16550811398532345
res,5,empathetic_dialogue,math,0.5225854912520256,0.41957436305461865,0.525428768867071,0.10818272697660312,0.19524348168059322
res,5,empathetic_dialogue,mmlu,0.800199647066243,0.61433643019254,0.8010764598325045,0.2514307428764446,0.40182925712456896
res,5,empathetic_dialogue,programming,0.6487467155367957,0.5689359861680569,0.6504108716909234,0.039721901123368576,0.07640870328969893
res,5,math,mmlu,0.7301521893998104,0.6042923003956971,0.7328026718522218,0.2607014883813573,0.41358163020189304
res,5,math,programming,0.8145856211931761,0.7026584440620011,0.8156265065547652,0.11928597614280477,0.21314655715401476
res,5,mmlu,programming,0.8274039182048325,0.7422386471822504,0.8284131030168275,0.08724942605871083,0.16049569485631426
res,6,empathetic_dialogue,math,0.33298089031128575,0.4101495060377537,0.33491167558449025,0.11627243906688782,0.20832269076549456
res,6,empathetic_dialogue,mmlu,0.7707548008132205,0.6138819897734796,0.771264788912868,0.2721721801514548,0.4278857601162951
res,6,empathetic_dialogue,programming,0.5724100635163176,0.5488292763164331,0.5737007748197416,0.040631228955281026,0.07808958221650115
res,6,math,mmlu,0.7816274672202206,0.6105008858822429,0.7825865459833427,0.25885503836427864,0.4112547203220916
res,6,math,programming,0.8523688576237739,0.7092567611131957,0.8529906789220725,0.12039485831623521,0.21491504967662634
res,6,mmlu,programming,0.9013978552412496,0.7453991560756356,0.9019411237526485,0.08734295686810216,0.16065392490273356
res,7,empathetic_dialogue,math,0.4554074112457662,0.3760314433783843,0.45634779961716176,0.1267516199986752,0.22498591126733725
res,7,empathetic_dialogue,mmlu,0.8583677550291396,0.5647891576349063,0.8582490982391233,0.2852926709296606,0.4439341752774589
res,7,empathetic_dialogue,programming,0.4531859849020272,0.5168750187497031,0.4540705607101526,0.040780813580483126,0.0783658058418456
res,7,math,mmlu,0.7091361534416902,0.5757429288006694,0.7104911219025202,0.247356926822467,0.3966096976790552
res,7,math,programming,0.6431669470493069,0.6907456721948475,0.6445353007490321,0.119275302476113,0.21312951730864893
res,7,mmlu,programming,0.6310212604194507,0.7080174212560064,0.6323144919624956,0.08099269816388886,0.1498487423670083
res,8,empathetic_dialogue,math,0.3378170943907637,0.3661686444502942,0.33911751728103967,0.11414039361767801,0.20489409462492889
res,8,empathetic_dialogue,mmlu,0.8160696829274314,0.5402929418634214,0.8160904834995856,0.2694136175242934,0.4244693987917417
res,8,empathetic_dialogue,programming,0.4007600201974259,0.4952268705380762,0.40181296485884155,0.04076777266130817,0.07834172758263341
res,8,math,mmlu,0.6751886194778609,0.5626159744046252,0.6765701920094959,0.235610615097151,0.38136709448490114
res,8,math,programming,0.701272009540624,0.691130068085478,0.7024090195581396,0.11724521967109679,0.20988269648736976
res,8,mmlu,programming,0.6596274891886645,0.6841632803915143,0.6608851819760454,0.08058021524885342,0.14914249606225877
res,9,empathetic_dialogue,math,0.3958946244188404,0.33775004755410803,0.39697860432013293,0.1256691691577482,0.22327904610157673
res,9,empathetic_dialogue,mmlu,0.7733814538336818,0.5341235053632383,0.7735263439579243,0.2731839509460871,0.4291350841221137
res,9,empathetic_dialogue,programming,0.4883740331636558,0.4796731963300945,0.4891890419710434,0.04128438428591229,0.07929511843054118
res,9,math,mmlu,0.7763753707558139,0.5585934001281861,0.7772698107916641,0.260079146131875,0.4127981118174241
res,9,math,programming,0.7628802971367997,0.6907458827409402,0.7639135834947715,0.1148844133591753,0.20609206117255802
res,9,mmlu,programming,0.8096232163355398,0.6863126062851351,0.8103450090986845,0.08204991006455697,0.1516564241656131
res,10,empathetic_dialogue,math,0.5030428044859694,0.33414568579731807,0.5036918446842953,0.13819311134081513,0.2428289364324491
res,10,empathetic_dialogue,mmlu,0.734948105105111,0.5451925041149576,0.7351651329629786,0.27942580309372694,0.43679876147262137
res,10,empathetic_dialogue,programming,0.52975391180286,0.47762821986310916,0.5303466141655278,0.04160848102541053,0.07989274623503276
res,10,math,mmlu,0.8522521133134942,0.5573420712680067,0.8526950959951645,0.3079119791615416,0.4708451089482851
res,10,math,programming,0.8475013858785443,0.6890064817532592,0.8480262132933593,0.1215978000618951,0.21682959801665938
res,10,mmlu,programming,0.871497804417616,0.6901182425933732,0.8718771960327517,0.08539976291108328,0.15736093894481398
res,11,empathetic_dialogue,math,0.6993051880389829,0.3234784824072946,0.6995549748435411,0.16169005239711914,0.2783703829837841
res,11,empathetic_dialogue,mmlu,0.8230089928690487,0.529102219392539,0.8231296417149002,0.30629434912639697,0.4689515029001476
res,11,empathetic_dialogue,programming,0.6180010297663084,0.4596020069724927,0.6184241587038415,0.042050422560822184,0.08070707837243413
res,11,math,mmlu,0.9056022896768534,0.5485927185258744,0.9058045311277862,0.33049407767448447,0.49679902108567275
res,11,math,programming,0.890734396802364,0.6825944135824332,0.8910171033175834,0.12003989919686303,0.21434932681048052
res,11,mmlu,programming,0.8589975949881561,0.6743235294599447,0.8593125984584018,0.08592666372839163,0.15825500302824008
res,12,empathetic_dialogue,math,0.5695233109355395,0.32435477637866184,0.5699486373043698,0.17802243638473791,0.302239466560714
res,12,empathetic_dialogue,mmlu,0.7530223723344076,0.537400640703603,0.7531890561858394,0.3201084224658476,0.4849729264932844
res,12,empathetic_dialogue,programming,0.4567531455193056,0.46023522767870007,0.4573861190083851,0.0427269811367062,0.08195238429551004
res,12,math,mmlu,0.8928963222511977,0.5546629834913166,0.8931435330174028,0.34846876329292886,0.516836240895898
res,12,math,programming,0.86755515937715,0.6892491505915567,0.8679493954511898,0.1251556051970561,0.222468082848215
res,12,mmlu,programming,0.8231958920157976,0.684992217950383,0.8236224536858431,0.08807152683180008,0.1618855464185208
res,13,empathetic_dialogue,math,0.5268738027669255,0.33396532030281795,0.5274272785384168,0.15985729714139715,0.2756499399286171
res,13,empathetic_dialogue,mmlu,0.7290648837663658,0.5320833546816698,0.7292912325224328,0.2969071340075237,0.45786953625594173
res,13,empathetic_dialogue,programming,0.48360314028396584,0.4695859001630443,0.48423590701743635,0.04279008121211762,0.08206844691575761
res,13,math,mmlu,0.8732304971038168,0.5634601930161414,0.873550653027414,0.34681837855208325,0.5150187791837759
res,13,math,programming,0.8612030027942353,0.684526678248354,0.8616096021687003,0.12796093560478602,0.2268889490152004
res,13,mmlu,programming,0.8161244838297252,0.6795574918567142,0.8165908272262347,0.0870321621173761,0.16012803512243917
res,14,empathetic_dialogue,math,0.7147424972815961,0.3373541888479932,0.7150508780948688,0.1836716145173095,0.31034217981514933
res,14,empathetic_dialogue,mmlu,0.7846871299809044,0.555501198921744,0.7849175882893921,0.3146878227753452,0.47872630646419134
res,14,empathetic_dialogue,programming,0.5336156717396747,0.4709441491887532,0.5343144740935355,0.04272345128811428,0.08194589128178989
res,14,math,mmlu,0.9115679275921168,0.5706162655094088,0.9117876867891594,0.337366628147375,0.5045237723850216
res,14,math,programming,0.8517258549771501,0.696825326934413,0.8522278385829447,0.12732101965313386,0.2258824548349313
res,14,mmlu,programming,0.8328376314813657,0.6912340806696842,0.8332807240652689,0.08697713772973052,0.16003489808698587
res,15,empathetic_dialogue,math,0.6582053724430832,0.3418958597597233,0.6585187972611584,0.18296897198227607,0.30933858168009065
res,15,empathetic_dialogue,mmlu,0.7957956856829917,0.5502855100172425,0.7959320115475383,0.3151228330844302,0.4792295064109794
res,15,empathetic_dialogue,programming,0.4806301589008857,0.47583538098711076,0.4812487554485632,0.042878492996936496,0.08223104280099955
res,15,math,mmlu,0.8899957540037379,0.5715546662804952,0.890236722086343,0.33339980359110927,0.5000747753122472
res,15,math,programming,0.8159697989720414,0.6921906080985573,0.8164664599459526,0.12960972569332418,0.22947700032198856
res,15,mmlu,programming,0.7977603995317903,0.6901616009226004,0.7982274202486572,0.08528050414811152,0.15715845594232297
res,16,empathetic_dialogue,math,0.3673003668262712,0.3289104594818705,0.36850854422441703,0.12946154495721893,0.22924471494445187
res,16,empathetic_dialogue,mmlu,0.6840157705967853,0.5213866579920419,0.6846289862124222,0.2758020181895327,0.4323586485321889
res,16,empathetic_dialogue,programming,0.38472100949457344,0.4755530803363104,0.3858974942008143,0.04024581822520964,0.07737751504519205
res,16,math,mmlu,0.8488284950432571,0.5547236964366415,0.8492163269657018,0.2800714966961939,0.4375872713657724
res,16,math,programming,0.7383509548638929,0.6971425427246567,0.7389702305433624,0.12371410645280785,0.22018786761222067
res,16,mmlu,programming,0.7233272384219946,0.664054714620865,0.7240619241190998,0.07992989860582136,0.14802793905235898
res,17,empathetic_dialogue,math,0.3900311402588553,0.3468851074115733,0.39173600742470555,0.11431028944216111,0.2051677894841775
res,17,empathetic_dialogue,mmlu,0.6949234541649614,0.5247048261280752,0.6958139880099332,0.26218828897338403,0.41545035913245243
res,17,empathetic_dialogue,programming,0.29231196989282554,0.48199082729197246,0.2941267926205111,0.039844707920640016,0.07663588152564975
res,17,math,mmlu,0.8399849467351495,0.5621756639966269,0.8405629772008287,0.25806203625716245,0.41025327657913935
res,17,math,programming,0.8145177598057318,0.7047810491497996,0.8150649396894412,0.12303076631124013,0.21910489009193007
res,17,mmlu,programming,0.7385900762804868,0.671354974457902,0.7394280582840355,0.07962419547666816,0.14750354023237325
res,18,empathetic_dialogue,math,0.3199564976691872,0.3394763048426749,0.32165043392760695,0.11581439393939394,0.20758720190104388
res,18,empathetic_dialogue,mmlu,0.6912193214604851,0.518509335763633,0.6922026872047728,0.2736779293299495,0.4297443223718648
res,18,empathetic_dialogue,programming,0.4531458628809306,0.48233127545719473,0.454633248300764,0.03938513983236566,0.07578545877367034
res,18,math,mmlu,0.844163377513544,0.5539095845679415,0.8445133455691647,0.24512635210399963,0.3937373129880161
res,18,math,programming,0.8638275834817549,0.6984388183658471,0.8641696403840333,0.12046020831766348,0.2150191634177367
res,18,mmlu,programming,0.8664118326439944,0.6577691969174555,0.8667926010666486,0.07808140491935703,0.14485252145722277
res,19,empathetic_dialogue,math,0.335628244430734,0.347591998285837,0.33843212508298537,0.11313979982860446,0.20328048614563085
res,19,empathetic_dialogue,mmlu,0.6764045155105025,0.5145192207676611,0.6777144552686171,0.2540903936497651,0.4052186268810954
res,19,empathetic_dialogue,programming,0.40726137560480496,0.47978710404724706,0.4094743277792887,0.039019807652852304,0.07510888120794948
res,19,math,mmlu,0.7087457771058459,0.5511785710403921,0.7104716805725174,0.23080582102806144,0.37504830913990167
res,19,math,programming,0.7301760741167951,0.6955891222715139,0.7314660475166052,0.11555482077406705,0.20717013386018138
res,19,mmlu,programming,0.6849080190618414,0.6528958090085757,0.6864790684751557,0.07338957149242535,0.13674358954388863
res,20,empathetic_dialogue,math,0.2557076906125221,0.3718794836985535,0.26085777178905883,0.0982319201220243,0.17889103079631807
res,20,empathetic_dialogue,mmlu,0.5580892921936914,0.5136223411344312,0.5613869413164728,0.23178319610716228,0.3763376490922639
res,20,empathetic_dialogue,programming,0.3616751971856841,0.49339531341065807,0.36542401129292035,0.03756413144661841,0.072408307704787
res,20,math,mmlu,0.7172483990400499,0.555171253109735,0.7194189001275828,0.22410120941072723,0.3661481708993782
res,20,math,programming,0.6396945665347866,0.7019232835773062,0.6418340199022345,0.11464394946144776,0.20570505858276847
res,20,mmlu,programming,0.6563753759635386,0.6507968370133912,0.6585157291742163,0.07336130584197227,0.13669452297691276
res,21,empathetic_dialogue,math,0.4039919179612934,0.373595941853612,0.40745935390051274,0.10651031341205651,0.19251571742448428
res,21,empathetic_dialogue,mmlu,0.6654370768894426,0.497993479229181,0.6676183890059352,0.23792902225706788,0.38439848808659666
res,21,empathetic_dialogue,programming,0.6383568316730514,0.49035588870324676,0.6402073924043205,0.03685088759490982,0.07108232829966424
res,21,math,mmlu,0.7957497788673634,0.544944971681593,0.7969689184882142,0.23751121865989003,0.3838530351540452
res,21,math,programming,0.7483527687821501,0.6843796549255422,0.7495712451843879,0.11355365650470757,0.20394824414862406
res,21,mmlu,programming,0.8357138851076421,0.6353599795658423,0.8365091417259387,0.07389232054260152,0.13761588406790398
res,22,empathetic_dialogue,math,0.4003927469180051,0.36112988684240666,0.4036887137673032,0.10709449382568753,0.19346947243068774
res,22,empathetic_dialogue,mmlu,0.7045710444114845,0.47929622538674027,0.7063258787953987,0.2341910176926399,0.3795053023971404
res,22,empathetic_dialogue,programming,0.6546753266198988,0.46255273574271727,0.6566833271374157,0.035936199622541735,0.06937917535005651
res,22,math,mmlu,0.7566648703240795,0.5256561267681067,0.7582505595904876,0.23376050514643057,0.37893984151921994
res,22,math,programming,0.728601308794856,0.6786298922499038,0.7303168196025202,0.10882006017279171,0.19628082875021916
res,22,mmlu,programming,0.8606461731686569,0.6014906593607382,0.8616414349451915,0.0725937674775678,0.13536115849020355
res,23,empathetic_dialogue,math,0.2595505046908124,0.37377391942732363,0.26255253067014095,0.10272238343916212,0.1863068801030271
res,23,empathetic_dialogue,mmlu,0.7339857690779608,0.46934729105883777,0.7352779183976756,0.2448232414140687,0.39334619288752903
res,23,empathetic_dialogue,programming,0.4810161982941833,0.4668421694394767,0.4834286020508089,0.03689889608170032,0.07117163731418023
res,23,math,mmlu,0.6853867722518721,0.5262323613081696,0.6869202332054135,0.22548425832015176,0.3679920925777328
res,23,math,programming,0.8082539914798502,0.6755548302474826,0.8090996325032677,0.10872881189939618,0.19613238283783682
res,23,mmlu,programming,0.834832652805759,0.5977697237704653,0.8357997348320091,0.0721569883820503,0.13460153534220684
res,24,empathetic_dialogue,math,0.31272847639020757,0.3809086819488167,0.31396997326396836,0.1037980141928337,0.188074290510003
res,24,empathetic_dialogue,mmlu,0.7091335063577964,0.46369842602578704,0.7102079766279461,0.24926358838986581,0.39905683749437276
res,24,empathetic_dialogue,programming,0.4750982150572579,0.4791646079817227,0.47638032947076536,0.036256948637640375,0.06997675371018187
res,24,math,mmlu,0.7142875796463031,0.5146210667290272,0.7145670422564021,0.260438575214967,0.4132507213539531
res,24,math,programming,0.9373128202469683,0.6480127422430345,0.9373550730590577,0.12552386646626343,0.22304967527763372
res,24,mmlu,programming,0.8481967483024556,0.583406285508399,0.8484458166767149,0.07501652890486132,0.13956348928194065
res,25,empathetic_dialogue,math,0.40798712374715845,0.38737055757638217,0.4084626052505647,0.12858922735783151,0.22787604956831808
res,25,empathetic_dialogue,mmlu,0.7574083296150911,0.4696517938653732,0.7577002894195877,0.2707618242622469,0.4261409480402676
res,25,empathetic_dialogue,programming,0.6249115807461865,0.5074181602947365,0.6253021650172503,0.038070240273738294,0.07334810072909749
res,25,math,mmlu,0.7473007842654057,0.47163607881876035,0.7474599131175089,0.2990191845988447,0.4603768568532512
res,25,math,programming,0.8969165060566031,0.5663205406725509,0.8969707295057964,0.15202220737911148,0.2639223556722349
res,25,mmlu,programming,0.8863957504322058,0.5510967312057359,0.886499493743562,0.08118448042987911,0.15017692521372514
mlp,0,empathetic_dialogue,math,0.9121598595992485,0.4692063489058701,0.9122967485401381,0.1693498334966337,0.28964785155907957
mlp,0,empathetic_dialogue,mmlu,0.9594550265547649,0.6008941765339572,0.9595394647579817,0.3127097453444759,0.47643395115104575
mlp,0,empathetic_dialogue,programming,0.90032031184141,0.6160233701719136,0.9005123587689323,0.04125422771549938,0.07923949140837722
mlp,0,math,mmlu,0.9514134284845778,0.6321901647236505,0.9514860347508998,0.3871983796094912,0.5582451440268998
mlp,0,math,programming,0.972231940299601,0.7042892266012994,0.9722744904919453,0.14098819833956475,0.24713349102951165
mlp,0,mmlu,programming,0.9552425283019551,0.7869807229368074,0.9553260596165702,0.09647044691181363,0.17596543013725657
mlp,1,empathetic_dialogue,math,0.7705398481526322,0.43254127097769746,0.7713974454906796,0.13372135644163158,0.2358980990908344
mlp,1,empathetic_dialogue,mmlu,0.9166917931338587,0.4632680078537037,0.9169831900648175,0.2667969250871612,0.42121498687535003
mlp,1,empathetic_dialogue,programming,0.7175743088345332,0.4906098760062977,0.7185257849831269,0.03974548780108599,0.07645234005322217
mlp,1,math,mmlu,0.8669213090785648,0.5179555117401424,0.8674826815670578,0.2836703997181633,0.4419676573993522
mlp,1,math,programming,0.7346801598348413,0.6238424525191348,0.735687711318607,0.10963185010179306,0.19760040249698294
mlp,1,mmlu,programming,0.7715025317705608,0.6008021520312459,0.772336817025611,0.08316341724109132,0.1535565472713537
mlp,2,empathetic_dialogue,math,0.7016583797462097,0.4053661486283007,0.7033361173887202,0.10395149525079972,0.18832620037746067
mlp,2,empathetic_dialogue,mmlu,0.9062501590731022,0.5219791643995241,0.9067470660482144,0.21918973839440284,0.359566245501807
mlp,2,empathetic_dialogue,programming,0.778900516326053,0.5045128136939183,0.7796796755316799,0.037142677474755116,0.07162501029306877
mlp,2,math,mmlu,0.8144613600957257,0.5804742631621946,0.8154079067285881,0.26126771132916604,0.41429382355920835
mlp,2,math,programming,0.8057086424719785,0.6686694395403718,0.806395352770116,0.11810172618107831,0.21125399132413386
mlp,2,mmlu,programming,0.8387785031647772,0.6763792070699907,0.839330619064869,0.08526946134778289,0.15713970471791916
mlp,3,empathetic_dialogue,math,0.8796779536707107,0.3927360295310822,0.8800490765676937,0.11764639459070039,0.21052525228032315
mlp,3,empathetic_dialogue,mmlu,0.9617470405075013,0.5926698754324227,0.9618614053774568,0.2559534115054694,0.4075842450217427
mlp,3,empathetic_dialogue,programming,0.7870689645262403,0.5359603829403647,0.7876519774758275,0.04067076318860216,0.0781625940253908
mlp,3,math,mmlu,0.9427751066069943,0.612003965292947,0.9429521377641565,0.2766499511399314,0.43339985387992747
mlp,3,math,programming,0.9431962140328778,0.7041228849523768,0.9433417407903745,0.12695441036423705,0.22530531705041162
mlp,3,mmlu,programming,0.8853973792569367,0.7406450055913292,0.8857088081941878,0.09111103305588478,0.16700597885205
mlp,4,empathetic_dialogue,math,0.9956685303228581,0.3451381537902089,0.9956703199568757,0.18172230531117498,0.30755500593402657
mlp,4,empathetic_dialogue,mmlu,0.9977519426792673,0.554927471553674,0.9977530126458372,0.334571381154485,0.5013915117302463
mlp,4,empathetic_dialogue,programming,0.9764926665597462,0.5281758711416205,0.9765033825145543,0.04295047085163473,0.08236339510267054
mlp,4,math,mmlu,0.9949319796272256,0.5418529258326881,0.9949342981999946,0.4038838809009412,0.5753807510657493
mlp,4,math,programming,0.9817538684787352,0.6727508800756647,0.9817622874203046,0.14003278648629483,0.24566448990978781
mlp,4,mmlu,programming,0.9799422276693526,0.7197015655551466,0.9799514392998747,0.09298103639269241,0.17014208535505762
mlp,5,empathetic_dialogue,math,0.9405822379752271,0.31477379382497017,0.9406820338256019,0.1089799515970002,0.1965408868574446
mlp,5,empathetic_dialogue,mmlu,0.949991355758172,0.5499253450520882,0.9500639155131213,0.23973392641387445,0.38675061044323045
mlp,5,empathetic_dialogue,programming,0.8422203121876716,0.496046108519834,0.842504180899105,0.03815618511868518,0.0735076006204655
mlp,5,math,mmlu,0.9772897253442201,0.5632681450620459,0.9773440158240209,0.27247459435199656,0.42825938617777015
mlp,5,math,programming,0.9362278694731822,0.7110678534867639,0.9363742348131724,0.13113686018344387,0.23186736247314324
mlp,5,mmlu,programming,0.9431848610526263,0.7024254463985177,0.9433272364216103,0.08539117262180504,0.15734635544444184
mlp,6,empathetic_dialogue,math,0.8944364092593481,0.28982481172940944,0.8946100870977061,0.13560399365751014,0.23882267835420684
mlp,6,empathetic_dialogue,mmlu,0.9523772703409665,0.5518536805494995,0.9524521715379497,0.27704748914210303,0.4338875280640009
mlp,6,empathetic_dialogue,programming,0.8080472861965008,0.48271202236579785,0.8083578037291399,0.04004348848059458,0.0770034886504493
mlp,6,math,mmlu,0.9583916460243876,0.5538505414502257,0.9584697466592773,0.3163201804024057,0.4806128252257062
mlp,6,math,programming,0.9565284227670098,0.6995296404899716,0.9566025125250565,0.132979373288341,0.23474279660076036
mlp,6,mmlu,programming,0.8921679670124414,0.7108984977402208,0.892357049791097,0.08722012318728906,0.16044611634228215
mlp,7,empathetic_dialogue,math,0.9642004042275973,0.20603761402846904,0.9642178082829772,0.16396749548221698,0.2817389594101807
mlp,7,empathetic_dialogue,mmlu,0.9611118293053944,0.43711897173284736,0.9611310380853515,0.30181085761614335,0.4636785072891693
mlp,7,empathetic_dialogue,programming,0.8165523236951502,0.41720719990947885,0.8166383610914302,0.039284794321953254,0.07559967111340893
mlp,7,math,mmlu,0.9899169057286082,0.43948921369047655,0.9899213165593145,0.3191683590059793,0.48389329053719765
mlp,7,math,programming,0.8982860202388939,0.6324931990720636,0.8983336333999088,0.13090380962462886,0.2315029952336594
mlp,7,mmlu,programming,0.9078468626988272,0.5927110897080035,0.9078908972565488,0.07701825060132828,0.14302125439067892
mlp,8,empathetic_dialogue,math,0.8888591950248733,0.23865695662810402,0.8890386273066829,0.09872444599690954,0.17970738042027187
mlp,8,empathetic_dialogue,mmlu,0.9695655634538407,0.4692460744366825,0.9696106392636853,0.22537377431437794,0.36784494500950005
mlp,8,empathetic_dialogue,programming,0.4765542127075596,0.4224408158156151,0.47738132496128427,0.034263261629635486,0.06625636412077256
mlp,8,math,mmlu,0.9369220992911913,0.47026499924170184,0.9370434681847727,0.2247843025003972,0.36705941126368136
mlp,8,math,programming,0.7038011567931055,0.6771489386797255,0.7043458317185793,0.11407858849868072,0.20479450853177547
mlp,8,mmlu,programming,0.578151591204279,0.6160449783160402,0.5788793188043626,0.06962870770588023,0.1301922942124816
mlp,9,empathetic_dialogue,math,0.9486731421573029,0.22933410270303992,0.9487459260392286,0.10675034682438572,0.192907726897373
mlp,9,empathetic_dialogue,mmlu,0.9641414753042928,0.4923733130894996,0.9641887610593756,0.2384093231589101,0.38502507805865077
mlp,9,empathetic_dialogue,programming,0.708601908840737,0.41964303909983736,0.7090978508655713,0.03539659344691338,0.0683730150764268
mlp,9,math,mmlu,0.9577166541686938,0.4880244228318821,0.9577955158367252,0.24144339940296441,0.3889720619064542
mlp,9,math,programming,0.7388346975798493,0.6844579029403496,0.7393602846531364,0.11660467734341491,0.20885579240244007
mlp,9,mmlu,programming,0.7844278707807198,0.6301589847043688,0.784859516822129,0.07418535903016532,0.13812394370584982
mlp,10,empathetic_dialogue,math,0.9469023745753307,0.26691599611312034,0.9469808155898661,0.1189047948115811,0.21253782334823967
mlp,10,empathetic_dialogue,mmlu,0.9547662848803947,0.584412867023128,0.9548297493084463,0.2567613735486247,0.4086079966376218
mlp,10,empathetic_dialogue,programming,0.7490366495212224,0.46799748171631783,0.749458023066829,0.03560085700345771,0.06875401224844457
mlp,10,math,mmlu,0.964583689856829,0.5532326776646643,0.9646456379831321,0.2961516734776894,0.456970707267751
mlp,10,math,programming,0.7801309718570878,0.729553363160414,0.780550839678704,0.12721518785916613,0.22571588677894988
mlp,10,mmlu,programming,0.8558901931212557,0.7102496548201593,0.8561727443833542,0.08155378434038067,0.15080855990923983
mlp,11,empathetic_dialogue,math,0.9441144489559711,0.23873031605236233,0.9441643008822225,0.14948172945850535,0.26008543785889104
mlp,11,empathetic_dialogue,mmlu,0.971294265321204,0.55210474895745,0.971319584290446,0.2891452474185679,0.4485844368546726
mlp,11,empathetic_dialogue,programming,0.8736013441035656,0.44369350675864083,0.8737209164053704,0.037100080895882244,0.07154580657988945
mlp,11,math,mmlu,0.9375749786125512,0.5347412775080351,0.9376309131735124,0.3550024065960392,0.5239878613763591
mlp,11,math,programming,0.8534618432617044,0.7101146424535175,0.8536285607106894,0.1273724307100426,0.22596335911783968
mlp,11,mmlu,programming,0.9216389962395093,0.6937996529996924,0.921707692923243,0.08475218733195558,0.1562609199072668
mlp,12,empathetic_dialogue,math,0.9103291416907316,0.30169318356013886,0.9103863981932595,0.13376087004819556,0.23595958121664484
mlp,12,empathetic_dialogue,mmlu,0.9568841902392449,0.619931132630634,0.9568940724496011,0.28136333092878246,0.4391624516441239
mlp,12,empathetic_dialogue,programming,0.6462848253989771,0.4841087976846558,0.6467554290276352,0.038951113083519714,0.07498160903435788
mlp,12,math,mmlu,0.9691120876030538,0.5958220506019423,0.9691681686491811,0.31039875948379425,0.4737470288907626
mlp,12,math,programming,0.8448426141296724,0.7542304629540526,0.8451749007861351,0.13056198459279317,0.2309682907652677
mlp,12,mmlu,programming,0.7896136549768078,0.7430412016675175,0.7900315589919463,0.08712975656840546,0.16029320518911397
mlp,13,empathetic_dialogue,math,0.9328817156627494,0.2754316004892174,0.9330201983553026,0.11493780060029653,0.20617795995151042
mlp,13,empathetic_dialogue,mmlu,0.9399285591197658,0.5824522747645617,0.9400092453644,0.24207628747232643,0.38979294575369616
mlp,13,empathetic_dialogue,programming,0.8947633920497263,0.47658757560033055,0.8949761022217735,0.0361389168809581,0.06975689512704616
mlp,13,math,mmlu,0.9731464935778379,0.5638453936429346,0.9731770055476455,0.3347198133954201,0.5015581697913358
mlp,13,math,programming,0.9325805161863173,0.723652098944737,0.9327127582278482,0.1266558339583416,0.22483500309647309
mlp,13,mmlu,programming,0.9433506853017484,0.7252851157425364,0.9434358894375923,0.08275344562993225,0.152857413594814
mlp,14,empathetic_dialogue,math,0.91994899746868,0.3127529423716143,0.9200769113363885,0.11437446113183962,0.2052711455997881
mlp,14,empathetic_dialogue,mmlu,0.9473747812797192,0.6127676132575155,0.947437747470728,0.25982154893195325,0.41247357477290936
mlp,14,empathetic_dialogue,programming,0.7349984567964414,0.4926706517545631,0.7356435574747611,0.03818694623519324,0.07356468191720508
mlp,14,math,mmlu,0.9495850979767977,0.6053657934391043,0.9497580394980498,0.27208536365277025,0.42777846743159126
mlp,14,math,programming,0.8096839795131461,0.7535104892745118,0.8103627408135077,0.12593656835549585,0.22370100038483423
mlp,14,mmlu,programming,0.8515104714840239,0.7451005730187502,0.8520283039761555,0.0822628926315056,0.15202016661863854
mlp,15,empathetic_dialogue,math,0.9359145508388662,0.30321341253342476,0.9360428679764307,0.10027486314462174,0.1822723875705619
mlp,15,empathetic_dialogue,mmlu,0.9721546945300372,0.5736498554448775,0.972207041867239,0.22937018185265728,0.3731507160959396
mlp,15,empathetic_dialogue,programming,0.874229913275667,0.46876605093077983,0.8744953448332279,0.037223473701744225,0.07177522423185713
mlp,15,math,mmlu,0.9716389980716639,0.57306966025209,0.9716920750027724,0.25773190998690115,0.4098360039057693
mlp,15,math,programming,0.9364818807659062,0.7400748907014713,0.9366056933396779,0.1257688355378767,0.22343634246685484
mlp,15,mmlu,programming,0.9171247910796129,0.7066948294073372,0.9172705575452883,0.0806127318342988,0.14919818998886267
mlp,16,empathetic_dialogue,math,0.8695179969852997,0.288925911229463,0.8699039303964595,0.10353534035415295,0.18764299894723044
mlp,16,empathetic_dialogue,mmlu,0.9239011238829372,0.49441267768395214,0.9241095601397855,0.22675476044625562,0.3696822996044771
mlp,16,empathetic_dialogue,programming,0.5966383207970877,0.44276232377000196,0.5976706135445095,0.036379260835125174,0.0702045326646355
mlp,16,math,mmlu,0.8748640212993645,0.541770474703476,0.8753477977238445,0.23581083863186877,0.381629342064888
mlp,16,math,programming,0.5723567867225616,0.7121849455283187,0.573611132856131,0.11467578837269826,0.20575630971605127
mlp,16,mmlu,programming,0.6179179378751749,0.6456270785375089,0.6190188464105724,0.0709660898689996,0.13252723973301556
mlp,17,empathetic_dialogue,math,0.8440072109399301,0.29541524190679463,0.8446437896539829,0.08394199077125906,0.1548828101244268
mlp,17,empathetic_dialogue,mmlu,0.9175430597129782,0.4950070324404655,0.9179240939309697,0.20484394744666617,0.3400339900960225
mlp,17,empathetic_dialogue,programming,0.5865397254437699,0.44351308913328324,0.5885885945508064,0.03585677602479304,0.0692311463412869
mlp,17,math,mmlu,0.9018136689182072,0.5452178107284614,0.9022018765768198,0.20817253254105939,0.3446072923098584
mlp,17,math,programming,0.6035463982788923,0.7181619688045665,0.6051542079304687,0.11625571497044782,0.2082958472889442
mlp,17,mmlu,programming,0.6739229188929444,0.6413669519543125,0.6753711323733129,0.07309427640428685,0.1362308568995641
mlp,18,empathetic_dialogue,math,0.6227378812704099,0.3012598985850405,0.6241275091208731,0.09724832677537529,0.17725855561096449
mlp,18,empathetic_dialogue,mmlu,0.8695679092784836,0.4768121157599925,0.8699999535900307,0.2291138175644053,0.372811393526458
mlp,18,empathetic_dialogue,programming,0.6690485470903272,0.4711310549876124,0.6702219048009684,0.03670923708765656,0.07081877111615374
mlp,18,math,mmlu,0.8551100420240544,0.5272558032237759,0.85577429927846,0.21310621508999025,0.3513397465764062
mlp,18,math,programming,0.7804677127338906,0.7041905262343239,0.7813545278290153,0.11589378799926853,0.20771472920744405
mlp,18,mmlu,programming,0.8064463257328871,0.629429173055887,0.8072823359496971,0.07382121880719705,0.13749256862180062
mlp,19,empathetic_dialogue,math,0.5634361534052795,0.3190960573764387,0.5664938812284586,0.08284669209566826,0.153016475370733
mlp,19,empathetic_dialogue,mmlu,0.8924520304827726,0.46116017752003746,0.8932761884984972,0.2092286710107592,0.3460531097660313
mlp,19,empathetic_dialogue,programming,0.7918438407452613,0.465498506705635,0.7932142136700564,0.03566310385427237,0.06887008665569012
mlp,19,math,mmlu,0.6867301958393189,0.5454300472718303,0.6889601591781365,0.19085717869478044,0.3205374785647534
mlp,19,math,programming,0.6664931689044157,0.6898475113237932,0.6685905435240479,0.11650294490840728,0.20869258865764057
mlp,19,mmlu,programming,0.8688828049282893,0.6211102950206616,0.8697340497642814,0.07041565444441295,0.13156693692220223
mlp,20,empathetic_dialogue,math,0.5468917875440302,0.3671795752243814,0.5506778475058376,0.08516601161494691,0.1569640233906748
mlp,20,empathetic_dialogue,mmlu,0.7606720853141884,0.4731397743344003,0.7630056365970785,0.204362757390844,0.33937076871021754
mlp,20,empathetic_dialogue,programming,0.6096269849007516,0.5038167804104654,0.6129766805830158,0.035790550159798186,0.06910769779522809
mlp,20,math,mmlu,0.7177250020874288,0.5512461786846644,0.7199608142273114,0.22271933997597715,0.3643016556528057
mlp,20,math,programming,0.7080118409341627,0.6930441258499127,0.7101307531574189,0.11836481138907289,0.21167477764622628
mlp,20,mmlu,programming,0.7268579177140986,0.6342774918568558,0.7290947964826159,0.07209029371006183,0.13448548901713694
mlp,21,empathetic_dialogue,math,0.7389237471067728,0.3899244409410075,0.7400264846888026,0.09998781017166845,0.18179803311831969
mlp,21,empathetic_dialogue,mmlu,0.8989157796543592,0.47865740915238125,0.8993706789715891,0.2153901309985343,0.3544378475766874
mlp,21,empathetic_dialogue,programming,0.7758108326776517,0.5160880913690006,0.7765088565415589,0.03563044163243741,0.06880918173141776
mlp,21,math,mmlu,0.8504746219081372,0.5570528435645713,0.851053972058479,0.2487162796940008,0.3983551487851972
mlp,21,math,programming,0.849065361254725,0.6774146243729989,0.8495237011473157,0.11799461119451397,0.21108261169245424
mlp,21,mmlu,programming,0.879509007478892,0.6317769495689397,0.8798567211227482,0.07502567967588837,0.13957932558133498
mlp,22,empathetic_dialogue,math,0.6878996978188103,0.40217329983683026,0.6890776338618301,0.09848710902880149,0.17931409157068084
mlp,22,empathetic_dialogue,mmlu,0.8594551158866038,0.4689296572948269,0.8599576047516179,0.2145278161210218,0.35326949827494963
mlp,22,empathetic_dialogue,programming,0.757383633329083,0.5198494447103479,0.7581607902895798,0.03490683577420345,0.06745889497983651
mlp,22,math,mmlu,0.8039261064647445,0.5582472181282867,0.8048340375273125,0.24570525410998245,0.3944837726248994
mlp,22,math,programming,0.7813779967409487,0.6677496384888677,0.7821457048030848,0.11450742921498468,0.2054852685829815
mlp,22,mmlu,programming,0.9300197537319784,0.634093254946834,0.9302086644500279,0.07119661046785439,0.1329291182815798
mlp,23,empathetic_dialogue,math,0.8054773020468745,0.4365284544583959,0.8055729584870606,0.13450051209086394,0.23710965426182473
mlp,23,empathetic_dialogue,mmlu,0.8886891956460826,0.5022513818775725,0.8887341773361555,0.2760986374976012,0.4327230347005527
mlp,23,empathetic_dialogue,programming,0.8441883226714025,0.5579783986338078,0.84423711896098,0.038227865760759074,0.07364060823535629
mlp,23,math,mmlu,0.9613329925290565,0.564203382392486,0.961355162693408,0.34224853897766666,0.5099629897728818
mlp,23,math,programming,0.9804176074897439,0.6450480533335192,0.9804287323691917,0.1349707611138488,0.23784006731836838
mlp,23,mmlu,programming,0.9839854558299123,0.6444783225913091,0.9839922327564203,0.08406757737600547,0.15509656248458556
mlp,24,empathetic_dialogue,math,0.9107744312447166,0.3628415472026063,0.9108016849864681,0.22998528910645866,0.37396429232667483
mlp,24,empathetic_dialogue,mmlu,0.9944614756436041,0.4439892702966901,0.994463095708599,0.3818527433618888,0.5526677791048632
mlp,24,empathetic_dialogue,programming,0.963513554966454,0.5024064939145312,0.9635248520332151,0.04252581796024589,0.08158228262097104
mlp,24,math,mmlu,0.9367791288087037,0.4857238757182518,0.9367988926594296,0.48490151391828096,0.6531093266094774
mlp,24,math,programming,0.9766439934286124,0.5613531201636537,0.9766512466737635,0.15897571965027418,0.27433830917225044
mlp,24,mmlu,programming,0.9809078425217987,0.5904911778066679,0.9809139977363972,0.09526559531720366,0.17395889312055576
mlp,25,empathetic_dialogue,math,0.41153270689172156,0.45664832834670427,0.41186053301269776,0.13580832477585547,0.23913951291500946
mlp,25,empathetic_dialogue,mmlu,0.8143237000326853,0.5223127245339473,0.8144512028665398,0.33039687689967656,0.49668919498612346
mlp,25,empathetic_dialogue,programming,0.6219943366326844,0.57714188313862,0.6222391155329005,0.0404174860984307,0.07769474588512812
mlp,25,math,mmlu,0.7863210677808249,0.5363726398350085,0.7864414591894797,0.3273669110728932,0.4932576039706863
mlp,25,math,programming,0.9075357574489599,0.6113255437620275,0.9075832848842428,0.1491189377911019,0.2595361243941316
mlp,25,mmlu,programming,0.8665175498620419,0.6450189128052363,0.866611820342384,0.08949250157367745,0.16428291419062233
att,0,empathetic_dialogue,math,0.7749128853910028,0.47312232560539813,0.7751983397570036,0.1829774553034299,0.30935070568440676
att,0,empathetic_dialogue,mmlu,0.8501563416375927,0.6096213359174457,0.8503797040474684,0.32819269889069846,0.4941944029127758
att,0,empathetic_dialogue,programming,0.5133199234946644,0.5853648836454265,0.5142725316397085,0.040850482823787865,0.07849443027198692
att,0,math,mmlu,0.8283324185109406,0.6008436002472255,0.8286999040527008,0.36225091092304434,0.5318416864593434
att,0,math,programming,0.6602011014807203,0.6492066340366414,0.661463287107023,0.12952458104537795,0.22934353659749945
att,0,mmlu,programming,0.8250998021015605,0.7639185485183185,0.8254791719637351,0.09736633049303867,0.17745456150325423
att,1,empathetic_dialogue,math,0.39391939460518033,0.45429543692789454,0.39488967391873886,0.13045742676032207,0.23080467016646258
att,1,empathetic_dialogue,mmlu,0.8162419126721345,0.6073657601084484,0.8163302751675086,0.2734996777460639,0.4295245338893596
att,1,empathetic_dialogue,programming,0.2888510425211415,0.5679520850782073,0.2902064312992535,0.038006820926580066,0.07323038762433788
att,1,math,mmlu,0.549797609115702,0.621835456529173,0.5512515243108685,0.258123122262423,0.41033046399823325
att,1,math,programming,0.59323045232013,0.6710621263028802,0.5948811664937412,0.11610762129948062,0.20805811031788649
att,1,mmlu,programming,0.4788629527270649,0.7471316221235749,0.4808351336800447,0.08307722588536322,0.1534096071818916
att,2,empathetic_dialogue,math,0.2923623726692766,0.5130628236330502,0.30089952949932774,0.11409037391782648,0.20481349913582791
att,2,empathetic_dialogue,mmlu,0.5613290906706805,0.6664487649319976,0.5665639803417869,0.2409425967706048,0.3883219052962276
att,2,empathetic_dialogue,programming,0.3176280214865311,0.6374527106299712,0.3257166213682115,0.03796900843754168,0.07316019674748586
att,2,math,mmlu,0.5302212520628964,0.6780758975780402,0.5369778660161995,0.27954121153843514,0.4369397546833735
att,2,math,programming,0.5882017554742487,0.7224616422184772,0.5940038545928704,0.11536797925891423,0.20686980692339468
att,2,mmlu,programming,0.6268468539091063,0.8014259611688078,0.632114885581275,0.09111412379959062,0.16701117108135963
att,3,empathetic_dialogue,math,0.7058153280626828,0.4966893520142972,0.7066674086021656,0.14018873894491735,0.2459044439864265
att,3,empathetic_dialogue,mmlu,0.8359517795166252,0.6720159756089052,0.8363630123009826,0.27849232308841326,0.43565740373891054
att,3,empathetic_dialogue,programming,0.6827282794954662,0.6310301412068303,0.6835854595123669,0.03918789704518769,0.07542023373561992
att,3,math,mmlu,0.9201623176333544,0.6748301883361517,0.9203548551114553,0.3681902687480061,0.5382150087720285
att,3,math,programming,0.9445532496732376,0.6940054507634843,0.9447022843153945,0.13171354326912932,0.23276834328350335
att,3,mmlu,programming,0.9114037974626064,0.7854598046059849,0.9116195154210183,0.09340996465495255,0.17085991105711193
att,4,empathetic_dialogue,math,0.8203819903258954,0.46737670142527993,0.8205267617566503,0.17494766915032112,0.29779652957112007
att,4,empathetic_dialogue,mmlu,0.9328860649839998,0.6539758300655759,0.9329365616862013,0.33646785090363773,0.5035180616969406
att,4,empathetic_dialogue,programming,0.6764973644048343,0.5958911614988556,0.6767529833368093,0.042803733473382254,0.08209355624535616
att,4,math,mmlu,0.9583106765922462,0.6634194343536753,0.9583493763651256,0.3673599521538465,0.5373273534524485
att,4,math,programming,0.9449069961942798,0.6799618480471695,0.9449546448095886,0.13403768523845266,0.2363901781804874
att,4,mmlu,programming,0.8756215391866186,0.7821742555095917,0.8757318201926342,0.0951826050686929,0.17382052020945454
att,5,empathetic_dialogue,math,0.7871887955105785,0.41359342365134055,0.7873091450033921,0.19619642766501041,0.32803379633558705
att,5,empathetic_dialogue,mmlu,0.9114423500933294,0.5697188193223789,0.9114794323388933,0.3671793452475091,0.5371341317053562
att,5,empathetic_dialogue,programming,0.3995424433106195,0.5568875719742109,0.40011826740002465,0.04355448910514309,0.0834733395521904
att,5,math,mmlu,0.8830625066455708,0.6178442830254164,0.8831922546644364,0.3959997964653819,0.5673350346726959
att,5,math,programming,0.6891874039044042,0.640724748086363,0.6897049252898418,0.14581289485592078,0.25451431993921814
att,5,mmlu,programming,0.6576646146611527,0.7120444995479813,0.6581139788610151,0.09195808790042766,0.16842787084848815
att,6,empathetic_dialogue,math,0.5515798658441359,0.3818166594337781,0.5519736519782288,0.21330778126008768,0.3516136376188994
att,6,empathetic_dialogue,mmlu,0.881592051487244,0.577310395656183,0.8816416451219649,0.38403378162023694,0.5549485666031401
att,6,empathetic_dialogue,programming,0.3470583686762203,0.5040046752210281,0.3476573020368467,0.04365800335206996,0.08366342846382077
att,6,math,mmlu,0.7761263395779039,0.6127239974915653,0.7764617575604703,0.37540041742941044,0.5458780042120746
att,6,math,programming,0.843109096337453,0.6680377188950056,0.8433592911066117,0.1386029035843057,0.24346135627791873
att,6,mmlu,programming,0.6295447739390704,0.7255677507904175,0.6300665468762814,0.09440936099859516,0.17253025122601515
att,7,empathetic_dialogue,math,0.6560812560398731,0.3917261226891606,0.6562793592228919,0.17851325477943628,0.3029465371823006
att,7,empathetic_dialogue,mmlu,0.8779218117349729,0.5236665457080887,0.877823541207075,0.30290143219043625,0.4649644627087388
att,7,empathetic_dialogue,programming,0.3380991063196674,0.5007575700139308,0.33892757080130165,0.038628547017057,0.07438375755798018
att,7,math,mmlu,0.7617240623749497,0.5723706741699102,0.7623730611330131,0.3126026356338256,0.4763096266112204
att,7,math,programming,0.566117460690804,0.6468836616576303,0.5675806187029202,0.12878878312194872,0.2281893389580839
att,7,mmlu,programming,0.5298276131837859,0.672513468588939,0.5312198226900975,0.07742193088758621,0.14371701311816734
att,8,empathetic_dialogue,math,0.5567822566623932,0.27580278155302296,0.5571697280377705,0.17473012567364732,0.2974813054589003
att,8,empathetic_dialogue,mmlu,0.8133704632025219,0.4206325024125274,0.8135071493944034,0.3345988526701343,0.5014223592365628
att,8,empathetic_dialogue,programming,0.2481235084289104,0.4082311561906977,0.2487477446139494,0.042406650663780965,0.08136297027034002
att,8,math,mmlu,0.7377601143698328,0.47094534291786133,0.7380956220567668,0.3040860578845385,0.46635888183302965
att,8,math,programming,0.6839175112294138,0.5839777714049319,0.6842613678781836,0.14082962357921444,0.2468898434410891
att,8,mmlu,programming,0.45865534929978213,0.5603995663820466,0.45928182801324524,0.08277414228833584,0.1528927207541194
att,9,empathetic_dialogue,math,0.6512653989423453,0.21486027616568726,0.6514888275550448,0.21204387874809885,0.34989472322918813
att,9,empathetic_dialogue,mmlu,0.8230390586988466,0.28573923992371725,0.8231363350416254,0.38847232855590236,0.5595679806740373
att,9,empathetic_dialogue,programming,0.2991470302598358,0.3223162668204573,0.299615789422739,0.04505089616292252,0.08621761165572768
att,9,math,mmlu,0.8136689700944335,0.4377177905579129,0.8138457574053537,0.36685803964321984,0.5367902576612533
att,9,math,programming,0.7466305395847251,0.5209014118947436,0.7468611330179524,0.14603134521565142,0.25484703507507006
att,9,mmlu,programming,0.562518184928327,0.43911277228442436,0.5629223387156691,0.08709968883443228,0.16024232134187974
att,10,empathetic_dialogue,math,0.6094330549559128,0.2097337508710303,0.609641471611799,0.23502797130082145,0.3806034790503941
att,10,empathetic_dialogue,mmlu,0.8375129194405028,0.3924662537941154,0.8375682332248077,0.4015266866171732,0.5729847179525739
att,10,empathetic_dialogue,programming,0.30453038957928613,0.3718289913284298,0.3049672461002573,0.04534582799625023,0.08675756248660876
att,10,math,mmlu,0.8349358917886975,0.45730280142921675,0.8350811505004884,0.4148717120306517,0.5864442811358772
att,10,math,programming,0.8102175808341769,0.5488233596241412,0.8103882092343563,0.14650235999432312,0.255563992027105
att,10,mmlu,programming,0.5817086037890694,0.5580848909208406,0.5821282724793285,0.09155225928542463,0.16774690997453212
att,11,empathetic_dialogue,math,0.621657019238095,0.2034855576277195,0.621941809666753,0.20419301699154924,0.339136690065995
att,11,empathetic_dialogue,mmlu,0.7419279906519329,0.2791352341161632,0.7421002712507063,0.33793300023473394,0.5051568354700051
att,11,empathetic_dialogue,programming,0.38994258255622705,0.2889278477270331,0.3904654467306465,0.04498572630320172,0.08609825985345401
att,11,math,mmlu,0.7959954340787128,0.4289319432211251,0.7962626959220841,0.3978009380666237,0.5691811004460253
att,11,math,programming,0.7397610471864955,0.5359721839292556,0.7401371356424733,0.1469219566762113,0.25620218676777673
att,11,mmlu,programming,0.6626768779195364,0.44809505597635235,0.6631282357242663,0.09412880514763841,0.17206165253082237
att,12,empathetic_dialogue,math,0.8147378356506718,0.20089362044954642,0.8148186466449548,0.233864030935983,0.3790758545065598
att,12,empathetic_dialogue,mmlu,0.8990601627999145,0.26911129453473726,0.8990955308211952,0.3916351187106433,0.5628416722818768
att,12,empathetic_dialogue,programming,0.43321465968472106,0.271415251069644,0.4335758299700361,0.04604346595750425,0.08803356161755285
att,12,math,mmlu,0.9008035752419964,0.4269262675087213,0.90088075604455,0.4294233389061966,0.6008343745594554
att,12,math,programming,0.694594608974777,0.5124893921843686,0.6948906702405659,0.15471565163362083,0.2679718620159666
att,12,mmlu,programming,0.6044305394027389,0.4264494089570815,0.6047918947821647,0.09611880361471549,0.17538026589406294
att,13,empathetic_dialogue,math,0.5892628206751807,0.27157546332803106,0.5898162753748911,0.17878835517571565,0.30334258798996133
att,13,empathetic_dialogue,mmlu,0.7943381693557072,0.41146972497136924,0.7946233345405912,0.35315310614707324,0.5219706543816472
att,13,empathetic_dialogue,programming,0.3873597550762042,0.4107512109766542,0.3882107533066598,0.04259439231472562,0.08170846232955327
att,13,math,mmlu,0.8023878786951828,0.4956798996000631,0.8026806116471651,0.3780826248728538,0.5487082095788515
att,13,math,programming,0.6914907439874578,0.5631936153350959,0.6919426126562483,0.14999770031978252,0.2608660874331702
att,13,mmlu,programming,0.6104714429402692,0.5484094822882987,0.6110687837747055,0.09355306730774827,0.1710992728282852
att,14,empathetic_dialogue,math,0.44531713782080884,0.1646838499693509,0.44594990299219944,0.1823801499141482,0.30849663693591384
att,14,empathetic_dialogue,mmlu,0.7749360213806434,0.26198316662664184,0.7751744661133698,0.36665340450983597,0.5365711647150799
att,14,empathetic_dialogue,programming,0.3057497013039385,0.25471385603122865,0.30649344408234824,0.04281472249429455,0.08211376684802951
att,14,math,mmlu,0.5676175297694618,0.42027121685779795,0.5682497930979414,0.3295748770442441,0.49575978417539984
att,14,math,programming,0.6956854284025539,0.5233598443173717,0.696094358302043,0.13816902775285708,0.24279175479875947
att,14,mmlu,programming,0.525821745009757,0.4339780338087467,0.5264601677685982,0.09164800331016267,0.1679076094716647
att,15,empathetic_dialogue,math,0.4189770888683737,0.3134836145207702,0.41984269833126586,0.1635624655651161,0.28114084186391747
att,15,empathetic_dialogue,mmlu,0.6471175830477959,0.42610314553391754,0.6475648571899092,0.3107790166386996,0.47418979506651976
att,15,empathetic_dialogue,programming,0.2288565774930737,0.40569420697600755,0.22990029283242808,0.03926591489641315,0.0755647122331091
att,15,math,mmlu,0.6585321504320016,0.5905816742827458,0.6593270494104627,0.3221310133539138,0.48729060902481736
att,15,math,programming,0.7555281581672686,0.6405967345608347,0.7560493178414686,0.1357785593836034,0.23909336597671216
att,15,mmlu,programming,0.4886971230023478,0.6241190148735225,0.4897112076615868,0.07904829750381612,0.1465148458816535
att,16,empathetic_dialogue,math,0.6256401770001117,0.3359757744451227,0.6261105056567721,0.14371531953214733,0.2513130970230181
att,16,empathetic_dialogue,mmlu,0.8689774727756672,0.43600894325685124,0.8691345618548519,0.3029161600835988,0.46498181443104186
att,16,empathetic_dialogue,programming,0.29567051247123793,0.4507574472754839,0.2965702376063675,0.03961972311879287,0.07621964500622637
att,16,math,mmlu,0.6963995707185271,0.48959154367627017,0.6968578470696364,0.2883919729170897,0.4476773823173271
att,16,math,programming,0.7051563537254081,0.6130726338041522,0.7055866578032152,0.1305352052430782,0.23092638714424046
att,16,mmlu,programming,0.48731310488811663,0.5673605489140923,0.48809307133482105,0.085305085063337,0.15720019418937617
att,17,empathetic_dialogue,math,0.8614354969461562,0.35562346382390725,0.8614730950374783,0.21477705547123344,0.35360736277311006
att,17,empathetic_dialogue,mmlu,0.9344112006155544,0.5148993182735085,0.9344113420620888,0.3873470370320838,0.5583996313722995
att,17,empathetic_dialogue,programming,0.465438761459672,0.4821539124255306,0.4658284986200283,0.04406482282280741,0.08441012829772512
att,17,math,mmlu,0.8551105717691984,0.5614001620535908,0.8552603563108494,0.36990623694318775,0.5400460658805343
att,17,math,programming,0.649290039259483,0.6216956247502781,0.6497758649690718,0.14266591022736497,0.24970712602947548
att,17,mmlu,programming,0.5675537667245348,0.6468058783841528,0.5681050009619197,0.092801343394036,0.16984119566656541
att,18,empathetic_dialogue,math,0.723829303852543,0.4316338273271071,0.7241350119660993,0.13633931790158182,0.2399623347599245
att,18,empathetic_dialogue,mmlu,0.9608070995117346,0.5718443145833626,0.9607718012346538,0.28491218074169494,0.443473390651856
att,18,empathetic_dialogue,programming,0.4511212905642077,0.5470604362572946,0.45194321555303746,0.03935559827722389,0.07573076691453332
att,18,math,mmlu,0.7895194492694658,0.5714884211022391,0.7900024348490222,0.25683139995109,0.408696663627412
att,18,math,programming,0.5905545044010914,0.6626844324617547,0.5916893348404324,0.1311545979296463,0.23189508873446424
att,18,mmlu,programming,0.5471785476416028,0.6803932945952355,0.54825887983596,0.07693137840931394,0.1428714585750965
att,19,empathetic_dialogue,math,0.13785514616269828,0.43086001165816173,0.13888696712822932,0.10419206211674407,0.18872090407353073
att,19,empathetic_dialogue,mmlu,0.33232695886453273,0.5035864205966811,0.3333463727770114,0.20966861716641907,0.3466546361392032
att,19,empathetic_dialogue,programming,0.13187344396145528,0.47708008399892915,0.13299894139938542,0.03087099290866004,0.05989302855744502
att,19,math,mmlu,0.4955128188635193,0.6298950668495772,0.4964632436806029,0.23328011740557478,0.3783084055491322
att,19,math,programming,0.2670913989491484,0.6600193944387603,0.26824846194506946,0.08867781969985726,0.16290920618609694
att,19,mmlu,programming,0.30224583119855253,0.6822123950806551,0.3037270947469324,0.06174295297129589,0.11630489808951923
att,20,empathetic_dialogue,math,0.8159075696529865,0.3932374586961966,0.8160598370879604,0.1670078101418654,0.28621541122601973
att,20,empathetic_dialogue,mmlu,0.8976816808055101,0.515760492693584,0.8977565970353085,0.31153802389531576,0.47507280493482984
att,20,empathetic_dialogue,programming,0.5531263101912259,0.5024956762479504,0.5535789181437656,0.039887378617614704,0.0767148047717233
att,20,math,mmlu,0.914666161968162,0.5305448966749686,0.9147888705168099,0.3054841012148015,0.46800125858375025
att,20,math,programming,0.7559992932288445,0.6429240063723438,0.7563645551489849,0.11964016537085505,0.213711813975925
att,20,mmlu,programming,0.7368827107489737,0.6420866798240009,0.7372456995215916,0.07894764852823284,0.14634194464564332
att,21,empathetic_dialogue,math,0.5975973877729026,0.3428111749556293,0.5982093581538634,0.14414808763804224,0.25197452881404336
att,21,empathetic_dialogue,mmlu,0.9263494513004095,0.47066025213002743,0.9264190905454947,0.3242726056496252,0.4897369382500402
att,21,empathetic_dialogue,programming,0.4895525555763968,0.46256583388248856,0.4903307734901558,0.0404767652461,0.07780426550231746
att,21,math,mmlu,0.7028275339256131,0.5251192995737473,0.7034738015674085,0.2729547380588145,0.4288522284383109
att,21,math,programming,0.7076313787722326,0.6554222076320156,0.7084018214772265,0.11652973130387459,0.2087355634816676
att,21,mmlu,programming,0.613481381710925,0.6283531559530356,0.6142638258080121,0.07975684720452914,0.14773112559743087
att,22,empathetic_dialogue,math,0.8451259180548374,0.49692653534117437,0.8451060187815863,0.16705918235157247,0.286290849475098
att,22,empathetic_dialogue,mmlu,0.9701575626819334,0.5811958673912965,0.9701421046566,0.32789686715155797,0.4938589362815837
att,22,empathetic_dialogue,programming,0.2923773493040432,0.5440447256514424,0.2930460391067736,0.042007646058659816,0.08062828755153874
att,22,math,mmlu,0.8747329736916707,0.6085817286056031,0.874852447981686,0.3145124980182846,0.4785234046727334
att,22,math,programming,0.6312456130865559,0.6707566113673864,0.6319548784832737,0.13951561425734313,0.24486828001610086
att,22,mmlu,programming,0.390093514294552,0.6906135605163309,0.39093098206721144,0.08600626244411251,0.1583899935356745
att,23,empathetic_dialogue,math,0.6243955752248224,0.4560703546853303,0.6246767069129536,0.16430432279911478,0.2822360435871426
att,23,empathetic_dialogue,mmlu,0.9398888197582757,0.5209697033958616,0.9397384267507252,0.3169811129124607,0.48137533606912153
att,23,empathetic_dialogue,programming,0.26428315342766495,0.5198001502059418,0.26530291869059514,0.04043197264800273,0.07772151127785769
att,23,math,mmlu,0.7041244478102638,0.5684078807663445,0.7048816561523068,0.2860330581930633,0.44483002419075157
att,23,math,programming,0.4721649494289472,0.6467134046818246,0.47393779246488166,0.12892620313538097,0.22840501492004103
att,23,mmlu,programming,0.37112466238538966,0.6558124502374996,0.3729630716953598,0.08281005895577509,0.15295398905997284
att,24,empathetic_dialogue,math,0.4265172350654268,0.4509738348888952,0.42748149215158604,0.13557880437692463,0.23878361211807703
att,24,empathetic_dialogue,mmlu,0.6396885079595038,0.5162392334085929,0.6400727917167963,0.24654944928177114,0.39557106928060726
att,24,empathetic_dialogue,programming,0.11913344096536219,0.51104493717222,0.12063994926671599,0.03454848119114883,0.06678948704534508
att,24,math,mmlu,0.6124945022869954,0.5891127482267088,0.6142229834465784,0.2607171046585177,0.41360128088233794
att,24,math,programming,0.3559387721004879,0.6379000586678066,0.3582841798721803,0.11790053858964424,0.210932072254637
att,24,mmlu,programming,0.21086122156118345,0.6287608016918399,0.2137044065702194,0.0718772844361841,0.1341147638444304
att,25,empathetic_dialogue,math,0.43718759384855044,0.3835382767824664,0.43874724878562865,0.12708473302435747,0.22551052161507903
att,25,empathetic_dialogue,mmlu,0.7081404435549932,0.4646525758278791,0.7093405272987847,0.2650635909205653,0.41905180549490484
att,25,empathetic_dialogue,programming,0.49312105100026704,0.45757168370130924,0.4946984463499112,0.03962326536945801,0.07622619979628259
att,25,math,mmlu,0.7593011756132761,0.46897376692923537,0.7598732787713399,0.2676680234019855,0.42229987419522735
att,25,math,programming,0.7905424961551974,0.5586450147892559,0.7910155741694811,0.12429355074972517,0.2211051565079976
att,25,mmlu,programming,0.8087086055416207,0.5213392234123053,0.8092489753745806,0.07792891771393136,0.14459008647657914
